コード,銘柄名,カテゴリ,取得時刻,PER,PBR,利回り,始値,高値,安値,終値,出来高,売買代金,VWAP,約定回数,売買最低代金,単元株数,時価総額,売り残(06/26),買り残(06/26),信用倍率(06/26)
4151,協和キリン,東証１,15:00,30.8倍,2.24倍,1.57％,"2,751","2,810","2,750","2,809","638,400 株","1,780 百万円","2,788.224 円","2,064 回","280,900 円",100 株,"1兆5,169億円",107.9,132.4,1.23
4502,武田薬品工業,東証１,15:00,97.8倍,1.24倍,4.78％,"3,820","3,821","3,714","3,766","4,409,800 株","16,567 百万円","3,756.879 円","7,597 回","376,600 円",100 株,"5兆9,366億円",588.8,"2,679.7",4.55
4503,アステラス製薬,東証１,15:00,16.3倍,2.56倍,2.37％,"1,766.0","1,776.5","1,759.0","1,775.5","2,253,200 株","3,988 百万円","1,770.046 円","3,331 回","177,550 円",100 株,"3兆3,056億円",444.2,586.6,1.32
4506,大日本住友製薬,東証１,15:00,80.0倍,1.06倍,1.99％,"1,429","1,429","1,388","1,410","469,600 株",659 百万円,"1,404.384 円","1,113 回","141,000 円",100 株,"5,610億円",269.9,578.1,2.14
4507,塩野義製薬,東証１,15:00,19.4倍,2.62倍,1.60％,"6,560","6,611","6,534","6,605","538,700 株","3,542 百万円","6,574.609 円","2,038 回","660,500 円",100 株,2兆580億円,105.6,445.5,4.22
4519,中外製薬,東証１,15:00,－倍,11.06倍,0.87％,"5,688","5,759","5,632","5,749","1,226,100 株","7,006 百万円","5,714.054 円","3,291 回","574,900 円",100 株,"9兆6,529億円",251.4,267.7,1.06
4523,エーザイ,東証１,15:00,36.5倍,3.60倍,1.88％,"8,500","8,539","8,429","8,520","380,800 株","3,232 百万円","8,488.209 円","1,619 回","852,000 円",100 株,"2兆5,268億円",158.9,248.8,1.57
4568,第一三共,東証１,15:00,99.8倍,4.28倍,0.94％,"8,653","8,659","8,493","8,621","812,200 株","6,981 百万円","8,595.369 円","2,916 回","862,100 円",100 株,"6兆1,124億円",275.7,630.2,2.29
4578,大塚ホールディングス,東証１,15:00,17.2倍,1.43倍,2.18％,"4,611","4,622","4,553","4,597","927,900 株","4,251 百万円","4,581.197 円","3,310 回","459,700 円",100 株,"2兆5,644億円",91.0,74.4,0.82
3105,日清紡ホールディングス,東証１,15:00,9.8倍,0.55倍,3.94％,776,781,752,762,"697,000 株",531 百万円,761.164 円,"1,141 回","76,200 円",100 株,"1,364億円",256.7,370.8,1.44
6479,ミネベアミツミ,東証１,15:00,18.3倍,1.99倍,－％,"1,937","1,941","1,900","1,924","832,700 株","1,597 百万円","1,917.656 円","1,958 回","192,400 円",100 株,"8,217億円",325.0,384.1,1.18
6501,日立製作所,東証１,15:00,9.8倍,1.04倍,－％,"3,346.0","3,402.0","3,336.0","3,385.0","2,859,000 株","9,637 百万円","3,370.593 円","6,160 回","338,500 円",100 株,"3兆2,763億円",458.6,"2,131.3",4.65
6503,三菱電機,東証１,15:00,29.9倍,1.23倍,－％,"1,395.5","1,401.0","1,378.5","1,395.5","1,983,700 株","2,760 百万円","1,391.281 円","2,996 回","139,550 円",100 株,"2兆9,964億円",923.6,960.0,1.04
6504,富士電機,東証１,15:00,－倍,1.13倍,－％,"2,964","2,965","2,845","2,881","927,900 株","2,679 百万円","2,886.779 円","3,347 回","288,100 円",100 株,"4,301億円",190.7,206.5,1.08
6506,安川電機,東証１,15:00,－倍,4.36倍,－％,"3,725","3,805","3,715","3,805","1,377,800 株","5,193 百万円","3,768.711 円","2,113 回","380,500 円",100 株,1兆148億円,936.1,"1,281.3",1.37
6645,オムロン,東証１,15:00,－倍,2.76倍,－％,"7,170","7,250","7,110","7,250","515,900 株","3,711 百万円","7,193.987 円","1,054 回","725,000 円",100 株,"1兆4,953億円",548.2,229.9,0.42
6674,ＧＳユアサ,東証１,15:00,－倍,0.84倍,－％,"1,840","1,858","1,801","1,832","373,200 株",680 百万円,"1,822.497 円","1,367 回","183,200 円",100 株,"1,515億円",183.0,227.4,1.24
6701,ＮＥＣ,東証１,15:00,15.3倍,1.51倍,1.51％,"5,250","5,330","5,230","5,310","1,729,700 株","9,155 百万円","5,292.764 円","2,652 回","531,000 円",100 株,"1兆3,831億円",474.1,"1,527.3",3.22
6702,富士通,東証１,15:00,－倍,2.01倍,－％,"12,365","12,535","12,265","12,445","559,500 株","6,953 百万円","12,427.668 円","2,207 回","1,244,500 円",100 株,"2兆5,761億円",257.1,241.3,0.94
6703,沖電気工業,東証１,15:00,－倍,0.85倍,－％,"1,030","1,048","1,027","1,046","495,800 株",515 百万円,"1,038.118 円","1,389 回","104,600 円",100 株,912億円,52.1,542.3,10.41
6724,セイコーエプソン,東証１,15:00,－倍,0.83倍,5.14％,"1,220","1,233","1,196","1,207","848,900 株","1,026 百万円","1,208.874 円","1,643 回","120,700 円",100 株,"4,824億円",364.9,531.4,1.46
6752,パナソニック,東証１,15:00,－倍,1.10倍,－％,952.7,956.8,929.7,942.0,"4,819,400 株","4,529 百万円",939.819 円,"7,699 回","94,200 円",100 株,"2兆3,110億円","1,704.0","2,839.4",1.67
6758,ソニー,東証１,15:00,－倍,2.22倍,－％,"7,501","7,531","7,463","7,511","3,101,000 株","23,274 百万円","7,505.419 円","6,955 回","751,100 円",100 株,"9兆4,718億円","1,274.0","2,902.6",2.28
6762,ＴＤＫ,東証１,15:00,27.3倍,1.55倍,1.54％,"10,430","10,430","10,300","10,360","635,100 株","6,575 百万円","10,353.045 円","1,935 回","1,036,000 円",100 株,"1兆3,426億円",308.1,482.6,1.57
6770,アルプスアルパイン,東証１,15:00,92.7倍,0.86倍,1.47％,"1,399","1,399","1,335","1,360","2,923,200 株","3,969 百万円","1,357.836 円","5,076 回","136,000 円",100 株,"2,982億円",402.4,"1,759.0",4.37
6841,横河電機,東証１,15:00,－倍,1.55倍,－％,"1,646","1,659","1,623","1,659","374,100 株",615 百万円,"1,643.074 円",986 回,"165,900 円",100 株,"4,456億円",342.7,115.6,0.34
6857,アドバンテスト,東証１,15:00,－倍,5.43倍,－％,"6,250","6,350","6,170","6,330","1,866,200 株","11,755 百万円","6,298.74 円","2,750 回","633,000 円",100 株,"1兆2,633億円","1,267.5","1,649.2",1.30
6902,デンソー,東証１,15:00,－倍,0.97倍,－％,"4,281","4,305","4,202","4,240","1,235,800 株","5,256 百万円","4,253.46 円","3,813 回","424,000 円",100 株,"3兆3,409億円",387.4,455.2,1.18
6952,カシオ計算機,東証１,15:00,－倍,2.23倍,－％,"1,870","1,874","1,840","1,859","596,100 株","1,106 百万円","1,855.893 円","1,368 回","185,900 円",100 株,"4,815億円",382.0,173.2,0.45
6954,ファナック,東証１,15:00,－倍,2.71倍,－％,"19,150","19,220","19,010","19,145","349,000 株","6,674 百万円","19,122.997 円","1,604 回","1,914,500 円",100 株,"3兆8,658億円",335.6,307.9,0.92
6971,京セラ,東証１,15:00,23.9倍,0.86倍,2.07％,"5,819","5,845","5,765","5,799","563,100 株","3,265 百万円","5,798.219 円","2,041 回","579,900 円",100 株,"2兆1,898億円",173.4,234.7,1.35
6976,太陽誘電,東証１,15:00,－倍,1.97倍,0.91％,"3,290","3,305","3,255","3,300","1,170,200 株","3,840 百万円","3,281.325 円","1,946 回","330,000 円",100 株,"4,297億円","1,842.8","1,158.2",0.63
7735,スクリン,東証１,15:00,－倍,1.37倍,－％,"4,985","5,190","4,985","5,120","831,200 株","4,246 百万円","5,108.702 円","1,516 回","512,000 円",100 株,"2,601億円",167.9,"1,046.9",6.24
7751,キヤノン,東証１,15:00,－倍,0.87倍,－％,"2,100.5","2,122.0","2,086.0","2,094.5","2,496,400 株","5,237 百万円","2,097.835 円","3,849 回","209,450 円",100 株,"2兆7,936億円","3,424.9","3,468.8",1.01
7752,リコー,東証１,15:00,－倍,0.61倍,－％,772,779,763,773,"2,672,900 株","2,062 百万円",771.348 円,"2,384 回","77,300 円",100 株,"5,758億円",470.2,"1,356.1",2.88
8035,東京エレクトロン,東証１,15:00,21.8倍,5.45倍,2.30％,"27,955","28,810","27,780","28,720","1,524,600 株","43,398 百万円","28,465.345 円","7,586 回","2,872,000 円",100 株,"4兆5,151億円",566.0,339.7,0.60
7201,日産自動車,東証１,15:00,－倍,0.38倍,－％,404.5,405.0,388.5,394.0,"16,902,500 株","6,681 百万円",395.257 円,"9,079 回","39,400 円",100 株,"1兆6,630億円","10,318.1","21,172.4",2.05
7202,いすゞ自動車,東証１,15:00,－倍,0.75倍,－％,967.1,977.0,947.8,964.6,"1,741,200 株","1,671 百万円",959.773 円,"5,795 回","96,460 円",100 株,"8,184億円",606.4,457.1,0.75
7203,トヨタ自動車,東証１,15:00,－倍,0.94倍,－％,"6,776","6,790","6,713","6,761","3,843,700 株","25,957 百万円","6,753.103 円","6,883 回","676,100 円",100 株,22兆611億円,"1,635.3","1,652.1",1.01
7205,日野自動車,東証１,15:00,－倍,0.75倍,－％,721,726,700,709,"1,426,600 株","1,010 百万円",707.665 円,"1,593 回","70,900 円",100 株,"4,074億円",200.5,464.4,2.32
7211,三菱自動車工業,東証１,15:00,－倍,0.50倍,－％,266,268,260,262,"5,926,200 株","1,559 百万円",263.025 円,"1,295 回","26,200 円",100 株,"3,905億円","3,170.4","12,917.5",4.07
7261,マツダ,東証１,15:00,－倍,0.35倍,－％,663,668,642,659,"5,199,300 株","3,406 百万円",655.122 円,"3,086 回","65,900 円",100 株,"4,164億円","1,954.3","4,866.4",2.49
7267,ホンダ,東証１,15:00,－倍,0.60倍,－％,"2,799.5","2,809.0","2,733.5","2,769.0","3,425,300 株","9,481 百万円","2,767.955 円","7,654 回","276,900 円",100 株,5兆158億円,994.5,835.4,0.84
7269,スズキ,東証１,15:00,－倍,1.17倍,－％,"3,604.0","3,612.0","3,523.0","3,587.0","1,154,100 株","4,116 百万円","3,566.377 円","3,643 回","358,700 円",100 株,"1兆7,615億円",589.7,437.4,0.74
7270,ＳＵＢＡＲＵ,東証１,15:00,－倍,1.01倍,－％,"2,302.0","2,307.5","2,229.5","2,260.0","2,008,400 株","4,537 百万円","2,259.229 円","5,453 回","226,000 円",100 株,"1兆7,383億円",593.1,"1,189.0",2.00
7272,ヤマハ発動機,東証１,15:00,－倍,0.87倍,－％,"1,649","1,659","1,606","1,633","1,884,200 株","3,064 百万円","1,626.112 円","3,509 回","163,300 円",100 株,"5,718億円",779.2,831.5,1.07
4543,テルモ,東証１,15:00,－倍,4.09倍,0.68％,"4,130","4,133","4,081","4,108","909,600 株","3,739 百万円","4,110.622 円","2,344 回","410,800 円",100 株,"3兆1,201億円",191.6,462.3,2.41
4902,コニカミノルタ,東証１,15:00,－倍,0.35倍,－％,372,375,364,368,"5,849,600 株","2,154 百万円",368.179 円,"2,143 回","36,800 円",100 株,"1,850億円",451.1,"7,816.4",17.33
7731,ニコン,東証１,15:00,－倍,0.60倍,－％,892,898,872,880,"1,287,500 株","1,132 百万円",879.494 円,"1,460 回","88,000 円",100 株,"3,329億円","1,631.0","1,824.8",1.12
7733,オリンパス,東証１,15:00,－倍,6.96倍,－％,"2,003.0","2,017.0","1,984.5","2,006.5","2,675,300 株","5,357 百万円","2,002.291 円","6,569 回","200,650 円",100 株,"2兆7,507億円",840.3,711.4,0.85
7762,シチズン時計,東証１,15:00,－倍,0.48倍,－％,342,348,336,340,"1,150,500 株",391 百万円,339.914 円,878 回,"34,000 円",100 株,"1,069億円",454.9,"1,085.3",2.39
9412,スカパーＪ,東証１,15:00,15.2倍,0.53倍,4.40％,424,424,409,409,"676,400 株",280 百万円,414.017 円,798 回,"40,900 円",100 株,"1,215億円",74.9,267.7,3.57
9432,日本電信電話,東証１,15:00,－倍,1.02倍,4.04％,"2,481.0","2,488.5","2,469.5","2,477.5","2,723,400 株","6,747 百万円","2,477.531 円","3,849 回","247,750 円",100 株,"9兆6,642億円",767.5,"1,434.8",1.87
9433,ＫＤＤＩ,東証１,15:00,11.5倍,1.67倍,3.76％,"3,193.0","3,201.0","3,175.0","3,192.0","1,762,500 株","5,617 百万円","3,186.836 円","2,587 回","319,200 円",100 株,"7兆3,549億円",405.3,390.4,0.96
9437,ＮＴＴドコモ,東証１,15:00,－倍,1.78倍,4.15％,"2,888.0","2,891.5","2,864.0","2,889.5","2,398,200 株","6,908 百万円","2,880.414 円","3,762 回","288,950 円",100 株,"9兆3,291億円",599.8,"3,176.1",5.30
9613,ＮＴＴデータ,東証１,15:00,－倍,1.74倍,1.54％,"1,179","1,188","1,158","1,169","2,390,800 株","2,801 百万円","1,171.498 円","2,904 回","116,900 円",100 株,"1兆6,395億円",336.2,"1,345.3",4.00
9984,ソフトバンクグループ,東証１,15:00,－倍,1.92倍,－％,"5,697","5,778","5,675","5,778","23,892,400 株","137,038 百万円","5,735.621 円","26,511 回","577,800 円",100 株,12兆749億円,"10,433.3","7,301.2",0.70
7186,コンコルディ,東証１,15:00,10.5倍,0.38倍,4.87％,343,350,340,349,"7,109,800 株","2,453 百万円",345.06 円,"1,714 回","34,900 円",100 株,"4,222億円","1,328.3",662.5,0.50
8303,新生銀行,東証１,15:00,－倍,0.32倍,－％,"1,269","1,278","1,242","1,261","868,300 株","1,093 百万円","1,258.372 円","1,806 回","126,100 円",100 株,"3,266億円",215.1,351.5,1.63
8304,あおぞら銀行,東証１,15:00,7.6倍,0.51倍,6.59％,"1,862","1,888","1,835","1,850","879,200 株","1,630 百万円","1,853.629 円","1,980 回","185,000 円",100 株,"2,188億円",797.8,"1,565.7",1.96
8306,三菱ＵＦＪ,東証１,15:00,－倍,0.34倍,5.92％,423.0,425.2,417.8,422.0,"42,247,500 株","17,772 百万円",420.654 円,"10,878 回","42,200 円",100 株,"5兆7,316億円","17,293.0","49,043.3",2.84
8308,りそなホールディングス,東証１,15:00,7.1倍,0.41倍,5.68％,370.1,372.8,364.8,370.0,"4,588,200 株","1,693 百万円",368.912 円,"4,400 回","37,000 円",100 株,"8,519億円","1,393.9","6,444.3",4.62
8309,三井住友トラ,東証１,15:00,8.0倍,0.44倍,4.99％,"3,021.0","3,045.0","2,980.5","3,009.0","863,200 株","2,594 百万円","3,004.78 円","2,828 回","300,900 円",100 株,"1兆1,293億円",207.6,329.9,1.59
8316,三井住友ＦＧ,東証１,15:00,10.5倍,0.39倍,6.20％,"3,073.0","3,088.0","3,033.0","3,064.0","3,827,100 株","11,710 百万円","3,059.718 円","4,569 回","306,400 円",100 株,"4兆2,074億円","2,174.8","5,656.4",2.60
8331,千葉銀行,東証１,15:00,7.9倍,0.41倍,3.51％,513,518,506,513,"1,215,100 株",621 百万円,511.127 円,"1,074 回","51,300 円",100 株,"4,184億円",793.5,489.0,0.62
8354,ふくおかＦＧ,東証１,15:00,8.0倍,0.38倍,5.02％,"1,695","1,710","1,667","1,692","408,700 株",688 百万円,"1,682.959 円","1,161 回","169,200 円",100 株,"3,234億円",260.1,105.0,0.40
8355,静岡銀行,東証１,15:00,9.5倍,0.40倍,3.17％,690,697,686,694,"884,700 株",611 百万円,691.101 円,809 回,"69,400 円",100 株,"4,130億円",691.6,226.1,0.33
8411,みずほＦＧ,東証１,15:00,10.5倍,0.39倍,5.63％,133.4,134.4,131.8,133.1,"66,477,000 株","8,834 百万円",132.883 円,"5,240 回","13,310 円",100 株,"3兆3,797億円","40,261.7","86,953.3",2.16
8253,クレディセゾン,東証１,15:00,－倍,0.37倍,3.91％,"1,218","1,224","1,143","1,152","1,281,300 株","1,492 百万円","1,164.285 円","2,780 回","115,200 円",100 株,"2,136億円",97.9,381.5,3.90
8601,大和証券グループ本社,東証１,15:00,－倍,0.58倍,－％,464.7,464.7,455.3,458.1,"3,545,800 株","1,626 百万円",458.639 円,"4,991 回","45,810 円",100 株,"7,785億円","1,601.2","2,524.5",1.58
8604,野村ホールディングス,東証１,15:00,－倍,0.55倍,－％,485.0,487.3,477.0,480.6,"8,848,300 株","4,257 百万円",481.094 円,"8,592 回","48,060 円",100 株,"1兆6,790億円","6,268.3","10,406.4",1.66
8628,松井証券,東証１,15:00,－倍,2.67倍,－％,822,832,819,832,"485,200 株",401 百万円,826.234 円,713 回,"83,200 円",100 株,"2,157億円","2,005.9",410.0,0.20
8630,ＳＯＭＰＯ,東証１,15:00,8.9倍,0.84倍,4.35％,"3,695.0","3,743.0","3,643.0","3,681.0","803,100 株","2,957 百万円","3,681.788 円","2,325 回","368,100 円",100 株,"1兆3,742億円",103.6,128.5,1.24
8725,ＭＳ＆ＡＤ,東証１,15:00,12.8倍,0.68倍,5.09％,"2,979.0","2,996.5","2,922.0","2,949.0","750,600 株","2,214 百万円","2,949.08 円","2,461 回","294,900 円",100 株,"1兆7,496億円",523.7,118.8,0.23
8729,ソニーＦＨ,東証１,15:00,－倍,1.64倍,－％,"2,596","2,597","2,594","2,594","1,057,700 株","2,745 百万円","2,594.984 円",551 回,"259,400 円",100 株,"1兆1,286億円",40.9,181.0,4.43
8750,第一生命ＨＤ,東証１,15:00,－倍,0.40倍,4.63％,"1,350.5","1,353.0","1,323.0","1,340.0","3,169,900 株","4,237 百万円","1,336.604 円","4,893 回","134,000 円",100 株,"1兆6,059億円",605.0,"7,850.2",12.98
8766,東京海上,東証１,15:00,－倍,0.98倍,4.24％,"4,714","4,740","4,670","4,717","1,410,200 株","6,633 百万円","4,703.295 円","3,846 回","471,700 円",100 株,"3兆3,113億円",206.4,"1,015.0",4.92
8795,Ｔ＆Ｄホールディングス,東証１,15:00,4.5倍,0.50倍,4.73％,951,952,919,931,"2,221,000 株","2,067 百万円",930.693 円,"2,835 回","93,100 円",100 株,"5,893億円",166.3,723.6,4.35
1332,日本水産,東証１,15:00,9.6倍,0.94倍,1.84％,468,470,458,463,"1,799,600 株",831 百万円,461.994 円,"1,320 回","46,300 円",100 株,"1,447億円",250.9,"2,021.8",8.06
1333,マルハニチロ,東証１,15:00,－倍,0.85倍,1.88％,"2,168","2,169","2,119","2,132","196,200 株",419 百万円,"2,136.36 円",881 回,"213,200 円",100 株,"1,123億円",59.4,166.3,2.80
2002,日清製粉グループ本社,東証１,15:00,27.6倍,1.19倍,2.21％,"1,580","1,592","1,564","1,581","408,400 株",644 百万円,"1,577.093 円","1,085 回","158,100 円",100 株,"4,812億円",49.0,278.4,5.68
2269,明治ホールディングス,東証１,15:00,17.9倍,2.21倍,1.75％,"8,550","8,600","8,500","8,560","307,600 株","2,632 百万円","8,556.203 円",711 回,"856,000 円",100 株,"1兆3,070億円",96.9,79.7,0.82
2282,日本ハム,東証１,15:00,22.1倍,1.09倍,2.12％,"4,315","4,330","4,255","4,290","271,900 株","1,165 百万円","4,286.44 円",929 回,"429,000 円",100 株,"4,417億円",101.8,60.2,0.59
2501,サッポロＨＤ,東証１,15:00,－倍,1.01倍,2.14％,"2,009","2,024","1,952","1,965","285,200 株",563 百万円,"1,973.142 円",918 回,"196,500 円",100 株,"1,548億円",95.0,127.1,1.34
2502,アサヒ,東証１,15:00,－倍,1.67倍,2.88％,"3,745.0","3,760.0","3,647.0","3,676.0","654,800 株","2,413 百万円","3,685.214 円","2,208 回","367,600 円",100 株,"1兆7,777億円",153.6,347.6,2.26
2503,キリンホールディングス,東証１,15:00,15.9倍,2.35倍,2.95％,"2,218.0","2,223.5","2,186.0","2,204.5","1,364,800 株","3,004 百万円","2,201.379 円","3,479 回","220,450 円",100 株,2兆149億円,357.0,149.9,0.42
2531,宝ホールディングス,東証１,15:00,36.9倍,1.27倍,2.10％,951,960,942,951,"308,900 株",294 百万円,950.265 円,827 回,"95,100 円",100 株,"1,899億円",344.3,715.6,2.08
2801,キッコーマン,東証１,15:00,－倍,3.51倍,－％,"5,090","5,090","4,940","4,985","519,400 株","2,589 百万円","4,984.833 円","1,263 回","498,500 円",100 株,"9,665億円",133.3,116.8,0.88
2802,味の素,東証１,15:00,43.7倍,1.82倍,1.78％,"1,798.0","1,801.0","1,782.5","1,793.5","829,000 株","1,485 百万円","1,790.943 円","2,042 回","179,350 円",100 株,"9,849億円",198.5,495.3,2.50
2871,ニチレイ,東証１,15:00,21.0倍,2.28倍,1.39％,"3,150","3,165","3,115","3,155","328,700 株","1,034 百万円","3,147.092 円",813 回,"315,500 円",100 株,"4,416億円",100.5,42.8,0.43
2914,ＪＴ,東証１,15:00,11.6倍,1.45倍,7.75％,"2,000.0","2,004.0","1,976.0","1,986.5","2,702,700 株","5,370 百万円","1,986.786 円","4,013 回","198,650 円",100 株,"3兆9,730億円","6,700.8","4,355.1",0.65
3086,Ｊフロント,東証１,15:00,－倍,0.48倍,4.04％,697,702,657,668,"4,183,500 株","2,805 百万円",670.373 円,"4,080 回","66,800 円",100 株,"1,807億円",474.1,"1,109.5",2.34
3099,三越伊勢丹,東証１,15:00,－倍,0.42倍,－％,614,619,589,595,"3,286,800 株","1,963 百万円",597.247 円,"2,917 回","59,500 円",100 株,"2,357億円","1,542.2","1,853.2",1.20
3382,セブン＆アイ,東証１,15:00,－倍,1.15倍,－％,"3,434.0","3,449.0","3,382.0","3,401.0","1,585,800 株","5,403 百万円","3,407.218 円","3,405 回","340,100 円",100 株,3兆148億円,127.1,447.7,3.52
8028,ファミリーマート,東証１,15:00,14.7倍,1.50倍,2.76％,"1,772","1,783","1,713","1,737","1,547,900 株","2,692 百万円","1,738.976 円","3,380 回","173,700 円",100 株,"8,804億円",245.6,475.6,1.94
8233,高島屋,東証１,15:00,－倍,0.33倍,2.82％,878,886,839,851,"2,235,900 株","1,908 百万円",853.338 円,"2,749 回","85,100 円",100 株,"1,513億円",480.5,658.9,1.37
8252,丸井グループ,東証１,15:00,－倍,1.42倍,2.66％,"1,943","1,950","1,892","1,914","865,500 株","1,655 百万円","1,912.649 円","2,538 回","191,400 円",100 株,"4,281億円",259.7,120.5,0.46
8267,イオン,東証１,15:00,－倍,1.98倍,1.44％,"2,534.0","2,536.5","2,484.0","2,508.0","1,474,300 株","3,695 百万円","2,506.434 円","3,947 回","250,800 円",100 株,"2兆1,868億円","1,366.8",182.8,0.13
9983,ファーストリテイリング,東証１,15:00,62.8倍,6.16倍,0.78％,"61,450","61,930","61,270","61,540","416,800 株","25,676 百万円","61,603.277 円","2,497 回","6,154,000 円",100 株,"6兆5,278億円",486.1,337.0,0.69
2413,エムスリー,東証１,15:00,－倍,19.10倍,－％,"4,520","4,675","4,490","4,675","2,359,000 株","10,903 百万円","4,621.763 円","3,984 回","467,500 円",100 株,"3兆1,729億円",840.7,882.9,1.05
2432,ディー・エヌ・エー,東証１,15:00,－倍,0.91倍,－％,"1,315","1,339","1,315","1,332","662,100 株",880 百万円,"1,328.896 円","1,847 回","133,200 円",100 株,"1,734億円",284.1,753.2,2.65
4324,電通グループ,東証１,15:00,－倍,0.85倍,3.72％,"2,595","2,622","2,527","2,556","843,200 株","2,160 百万円","2,562.039 円","2,736 回","255,600 円",100 株,"7,372億円",631.4,"1,055.7",1.67
4689,Ｚホールディングス,東証１,15:00,－倍,3.22倍,－％,518,526,515,522,"12,052,600 株","6,283 百万円",521.299 円,"3,042 回","52,200 円",100 株,"2兆5,174億円","6,204.9","4,292.0",0.69
4704,トレンドマイクロ,東証１,15:00,31.1倍,4.97倍,－％,"6,080","6,130","6,040","6,100","325,600 株","1,981 百万円","6,085.221 円",718 回,"610,000 円",100 株,"8,572億円",128.1,145.5,1.14
4751,サイバーエージェント,東証１,15:00,78.5倍,8.89倍,0.59％,"5,380","5,600","5,350","5,600","883,600 株","4,865 百万円","5,506.056 円","1,350 回","560,000 円",100 株,"7,080億円",528.3,298.7,0.57
4755,楽天,東証１,15:00,－倍,1.88倍,－％,958,961,933,943,"6,067,000 株","5,729 百万円",944.249 円,"4,137 回","94,300 円",100 株,"1兆3,528億円","2,583.9","4,182.3",1.62
6098,リクルート,東証１,15:00,－倍,6.07倍,－％,"3,662.0","3,665.0","3,587.0","3,642.0","1,895,800 株","6,885 百万円","3,631.706 円","4,138 回","364,200 円",100 株,"6兆1,773億円","1,381.5","1,667.1",1.21
6178,日本郵政,東証１,15:00,11.0倍,0.28倍,－％,769.4,771.0,756.2,762.6,"2,485,900 株","1,893 百万円",761.618 円,"3,993 回","76,260 円",100 株,"3兆4,317億円",809.1,"4,936.5",6.10
9602,東宝,東証１,15:00,－倍,1.79倍,0.92％,"3,775","3,815","3,750","3,785","167,700 株",634 百万円,"3,779.645 円",474 回,"378,500 円",100 株,"7,059億円",222.1,116.2,0.52
9735,セコム,東証１,15:00,26.1倍,1.99倍,1.80％,"9,400","9,510","9,339","9,434","381,400 株","3,592 百万円","9,416.862 円","1,655 回","943,400 円",100 株,"2兆2,009億円",68.1,30.5,0.45
9766,コナミホールディングス,東証１,15:00,－倍,1.75倍,－％,"3,490","3,560","3,475","3,515","432,200 株","1,517 百万円","3,510.191 円",985 回,"351,500 円",100 株,"5,044億円",103.7,119.1,1.15
1605,国際石油開発帝石,東証１,15:00,96.6倍,0.32倍,3.63％,670.0,671.8,656.1,661.5,"5,902,800 株","3,909 百万円",662.298 円,"10,511 回","66,150 円",100 株,"9,673億円","1,598.0","7,160.4",4.48
3101,東洋紡,東証１,15:00,－倍,0.73倍,－％,"1,489","1,489","1,452","1,472","260,100 株",382 百万円,"1,468.836 円",789 回,"147,200 円",100 株,"1,311億円",128.5,251.6,1.96
3103,ユニチカ,東証１,15:00,－倍,0.55倍,－％,336,340,331,336,"449,200 株",150 百万円,334.911 円,558 回,"33,600 円",100 株,194億円,797.7,"1,098.2",1.38
3401,帝人,東証１,15:00,13.9倍,0.81倍,－％,"1,691","1,695","1,654","1,667","489,700 株",816 百万円,"1,667.206 円","1,282 回","166,700 円",100 株,"3,300億円",233.3,797.4,3.42
3402,東レ,東証１,15:00,20.1倍,0.73倍,1.79％,509.2,511.0,497.1,502.0,"4,477,300 株","2,247 百万円",501.819 円,"5,856 回","50,200 円",100 株,"8,190億円","1,343.0","8,033.7",5.98
3861,王子ホールディングス,東証１,15:00,9.5倍,0.69倍,2.91％,486,490,476,481,"2,453,100 株","1,179 百万円",480.583 円,"1,642 回","48,100 円",100 株,"4,879億円",629.7,"1,380.6",2.19
3863,日本製紙,東証１,15:00,－倍,0.45倍,2.77％,"1,481","1,489","1,439","1,446","482,100 株",699 百万円,"1,450.627 円","1,369 回","144,600 円",100 株,"1,681億円",138.8,138.4,1.00
3405,クラレ,東証１,15:00,－倍,0.72倍,3.89％,"1,117","1,119","1,078","1,079","1,327,900 株","1,446 百万円","1,088.577 円","1,902 回","107,900 円",100 株,"3,829億円",516.3,405.5,0.79
3407,旭化成,東証１,15:00,－倍,0.87倍,－％,863.8,863.9,839.4,850.7,"3,124,000 株","2,658 百万円",850.684 円,"5,668 回","85,070 円",100 株,"1兆1,858億円",426.8,"2,202.5",5.16
4004,昭和電工,東証１,15:00,－倍,0.73倍,－％,"2,377","2,385","2,331","2,356","670,000 株","1,576 百万円","2,352.209 円","1,964 回","235,600 円",100 株,"3,527億円",800.6,"1,088.7",1.36
4005,住友化学,東証１,15:00,－倍,0.57倍,－％,326,326,316,321,"9,806,300 株","3,141 百万円",320.301 円,"1,963 回","32,100 円",100 株,"5,314億円","2,113.6","9,920.2",4.69
4021,日産化学,東証１,15:00,26.1倍,4.37倍,1.73％,"5,520","5,600","5,480","5,560","276,900 株","1,537 百万円","5,551.658 円",699 回,"556,000 円",100 株,"8,118億円",181.9,30.2,0.17
4042,東ソー,東証１,15:00,－倍,0.82倍,3.84％,"1,477","1,481","1,449","1,458","776,300 株","1,133 百万円","1,459.949 円","1,746 回","145,800 円",100 株,"4,740億円",176.8,224.0,1.27
4043,トクヤマ,東証１,15:00,7.8倍,1.02倍,－％,"2,523","2,529","2,439","2,473","306,900 株",760 百万円,"2,477.223 円","1,336 回","247,300 円",100 株,"1,729億円",48.0,188.3,3.92
4061,デンカ,東証１,15:00,10.6倍,0.89倍,－％,"2,593","2,617","2,552","2,583","323,400 株",833 百万円,"2,575.492 円","1,192 回","258,300 円",100 株,"2,287億円",83.2,"1,592.1",19.14
4063,信越化学工業,東証１,15:00,－倍,1.96倍,－％,"12,365","12,475","12,300","12,475","659,400 株","8,181 百万円","12,407.214 円","2,354 回","1,247,500 円",100 株,"5兆1,979億円",181.2,244.5,1.35
4183,三井化学,東証１,15:00,21.1倍,0.80倍,－％,"2,255","2,264","2,191","2,218","499,600 株","1,107 百万円","2,215.74 円","1,439 回","221,800 円",100 株,"4,538億円",322.6,194.5,0.60
4188,三菱ケミＨＤ,東証１,15:00,18.1倍,0.76倍,3.85％,621.1,624.9,616.7,623.6,"5,254,000 株","3,264 百万円",621.221 円,"9,064 回","62,360 円",100 株,"9,393億円",876.2,"3,233.2",3.69
4208,宇部興産,東証１,15:00,13.1倍,0.55倍,4.95％,"1,848","1,854","1,800","1,818","302,000 株",549 百万円,"1,817.818 円","1,072 回","181,800 円",100 株,"1,931億円",86.4,328.5,3.80
4272,日本化薬,東証１,15:00,－倍,0.89倍,2.76％,"1,100","1,103","1,079","1,088","169,900 株",185 百万円,"1,087.879 円",515 回,"108,800 円",100 株,"1,931億円",351.0,41.6,0.12
4452,花王,東証１,15:00,26.5倍,4.96倍,1.62％,"8,617","8,668","8,589","8,668","652,700 株","5,638 百万円","8,637.628 円","2,469 回","866,800 円",100 株,"4兆1,780億円",242.2,456.4,1.88
4631,ＤＩＣ,東証１,15:00,10.9倍,0.85倍,4.08％,"2,737","2,742","2,697","2,699","242,400 株",657 百万円,"2,710.829 円",992 回,"269,900 円",100 株,"2,568億円",130.3,89.4,0.69
4901,富士フイルム,東証１,15:00,－倍,0.95倍,－％,"4,632","4,664","4,605","4,636","1,218,300 株","5,638 百万円","4,627.605 円","3,416 回","463,600 円",100 株,"2兆3,858億円",253.3,"6,434.9",25.40
4911,資生堂,東証１,15:00,－倍,5.60倍,－％,"6,793","6,836","6,674","6,760","1,490,600 株","10,071 百万円","6,756.493 円","4,720 回","676,000 円",100 株,"2兆7,040億円","1,197.7",543.2,0.45
6988,日東電工,東証１,15:00,－倍,1.31倍,－％,"6,030","6,040","5,950","6,000","589,500 株","3,539 百万円","6,004.044 円","1,186 回","600,000 円",100 株,"9,526億円",167.7,196.7,1.17
5019,出光興産,東証１,15:00,136倍,0.60倍,－％,"2,312","2,326","2,280","2,304","938,800 株","2,158 百万円","2,298.276 円","2,378 回","230,400 円",100 株,"6,863億円",248.0,"1,337.7",5.39
5020,ＥＮＥＯＳ,東証１,15:00,31.0倍,0.54倍,5.70％,389.6,390.5,382.4,385.9,"9,761,800 株","3,767 百万円",385.922 円,"6,021 回","38,590 円",100 株,"1兆2,466億円","1,255.7","9,208.9",7.33
5101,横浜ゴム,東証１,15:00,－倍,0.62倍,－％,"1,512","1,512","1,451","1,467","376,000 株",553 百万円,"1,471.402 円","1,285 回","146,700 円",100 株,"2,487億円",131.8,117.4,0.89
5108,ブリヂストン,東証１,15:00,－倍,1.09倍,4.67％,"3,455.0","3,458.0","3,391.0","3,427.0","1,428,300 株","4,882 百万円","3,418.234 円","3,353 回","342,700 円",100 株,"2兆4,458億円","1,159.0","1,096.5",0.95
5201,ＡＧＣ,東証１,15:00,－倍,0.62倍,－％,"3,045","3,060","2,989","3,020","715,800 株","2,160 百万円","3,017.941 円","1,262 回","302,000 円",100 株,"6,869億円",269.1,792.7,2.95
5202,日本板硝子,東証１,15:00,－倍,0.79倍,－％,376,380,365,372,"1,175,500 株",436 百万円,371.187 円,"1,318 回","37,200 円",100 株,337億円,"1,331.0","3,075.9",2.31
5214,日本電気硝子,東証１,15:00,14.6倍,0.35倍,6.01％,"1,676","1,692","1,645","1,665","529,800 株",882 百万円,"1,664.637 円","1,623 回","166,500 円",100 株,"1,657億円",573.1,637.2,1.11
5232,住友大阪セメント,東証１,15:00,－倍,0.73倍,－％,"3,775","3,775","3,670","3,705","133,200 株",493 百万円,"3,700.691 円",415 回,"370,500 円",100 株,"1,506億円",71.0,42.7,0.60
5233,太平洋セメント,東証１,15:00,9.2倍,0.67倍,2.46％,"2,450","2,479","2,402","2,439","528,900 株","1,289 百万円","2,436.656 円","2,284 回","243,900 円",100 株,"3,101億円",95.8,427.3,4.46
5301,東海カーボン,東証１,15:00,12.7倍,1.06倍,4.84％,"1,008","1,009",982,992,"1,136,000 株","1,126 百万円",991.455 円,"1,791 回","99,200 円",100 株,"2,231億円","4,077.0","2,589.2",0.64
5332,ＴＯＴＯ,東証１,15:00,－倍,2.06倍,－％,"4,070","4,095","4,035","4,075","394,500 株","1,603 百万円","4,063.831 円",990 回,"407,500 円",100 株,"7,212億円",98.3,136.0,1.38
5333,日本ガイシ,東証１,15:00,26.6倍,0.99倍,2.10％,"1,441","1,452","1,400","1,430","1,413,100 株","2,013 百万円","1,424.845 円","3,120 回","143,000 円",100 株,"4,608億円",197.1,412.2,2.09
5401,日本製鉄,東証１,15:00,－倍,0.35倍,－％,"1,003.0","1,016.0",977.2,996.6,"3,170,100 株","3,150 百万円",993.694 円,"7,543 回","99,660 円",100 株,"9,471億円","2,025.9","4,595.1",2.27
5406,神戸製鋼所,東証１,15:00,－倍,0.20倍,－％,367,371,354,361,"3,602,900 株","1,301 百万円",360.985 円,"1,582 回","36,100 円",100 株,"1,315億円","3,258.5","11,055.5",3.39
5411,ＪＦＥ,東証１,15:00,－倍,0.27倍,－％,779,784,755,772,"3,651,800 株","2,807 百万円",768.775 円,"3,288 回","77,200 円",100 株,"4,743億円",767.0,"4,710.6",6.14
5541,大平洋金属,東証１,15:00,－倍,0.46倍,－％,"1,478","1,493","1,453","1,490","216,500 株",320 百万円,"1,477.939 円",590 回,"149,000 円",100 株,292億円,85.4,"1,200.4",14.06
3436,ＳＵＭＣＯ,東証１,15:00,－倍,1.52倍,－％,"1,581","1,595","1,571","1,590","4,531,100 株","7,181 百万円","1,584.849 円","5,310 回","159,000 円",100 株,"4,630億円","1,679.9","5,777.5",3.44
5703,日軽金ＨＤ,東証１,15:00,－倍,0.60倍,－％,181,183,176,180,"1,391,700 株",250 百万円,179.739 円,356 回,"18,000 円",100 株,"1,116億円","1,252.2","1,910.6",1.53
5706,三井金属,東証１,15:00,20.7倍,0.75倍,－％,"2,175","2,197","2,149","2,177","428,300 株",930 百万円,"2,170.767 円","1,508 回","217,700 円",100 株,"1,247億円",117.0,393.2,3.36
5707,東邦亜鉛,東証１,15:00,6.1倍,0.55倍,－％,"1,487","1,487","1,445","1,475","115,000 株",168 百万円,"1,464.944 円",462 回,"147,500 円",100 株,200億円,79.6,209.5,2.63
5711,三菱マテリアル,東証１,15:00,－倍,0.57倍,－％,"2,246","2,264","2,175","2,203","515,000 株","1,135 百万円","2,203.185 円","1,788 回","220,300 円",100 株,"2,897億円",189.6,218.6,1.15
5713,住友金属鉱山,東証１,15:00,－倍,0.84倍,－％,"3,045.0","3,055.0","3,011.0","3,055.0","720,200 株","2,191 百万円","3,041.626 円","1,820 回","305,500 円",100 株,"8,884億円",488.9,"1,179.6",2.41
5714,ＤＯＷＡ,東証１,15:00,－倍,0.77倍,－％,"3,240","3,260","3,205","3,240","157,300 株",508 百万円,"3,231.039 円",556 回,"324,000 円",100 株,"2,008億円",53.3,98.6,1.85
5801,古河電気工業,東証１,15:00,－倍,0.77倍,－％,"2,637","2,661","2,589","2,626","237,600 株",622 百万円,"2,616.489 円","1,010 回","262,600 円",100 株,"1,856億円",285.7,353.5,1.24
5802,住友電気工業,東証１,15:00,－倍,0.63倍,－％,"1,244.0","1,246.5","1,214.5","1,229.5","1,369,000 株","1,681 百万円","1,227.609 円","3,018 回","122,950 円",100 株,"9,762億円",143.9,543.9,3.78
5803,フジクラ,東証１,15:00,－倍,0.58倍,－％,320,323,315,318,"2,004,600 株",637 百万円,317.861 円,973 回,"31,800 円",100 株,941億円,"1,217.6","2,140.1",1.76
5901,洋缶ＨＤ,東証１,15:00,12.3倍,0.37倍,1.19％,"1,212","1,214","1,163","1,178","507,500 株",601 百万円,"1,183.521 円","1,331 回","117,800 円",100 株,"2,390億円",48.3,474.1,9.82
2768,双日,東証１,15:00,7.0倍,0.48倍,－％,237,238,231,233,"3,726,100 株",871 百万円,233.779 円,985 回,"23,300 円",100 株,"2,916億円","2,834.6","12,840.9",4.53
8001,伊藤忠商事,東証１,15:00,8.6倍,1.15倍,3.80％,"2,330.5","2,332.5","2,296.0","2,316.0","1,864,200 株","4,311 百万円","2,312.312 円","3,084 回","231,600 円",100 株,"3兆6,706億円","3,225.9","1,106.6",0.34
8002,丸紅,東証１,15:00,8.4倍,0.55倍,3.11％,489.0,490.5,477.0,481.7,"4,326,200 株","2,086 百万円",482.074 円,"4,740 回","48,170 円",100 株,"8,372億円","1,412.4","8,955.9",6.34
8015,豊田通商,東証１,15:00,11.9倍,0.80倍,4.05％,"2,768","2,772","2,681","2,715","323,700 株",878 百万円,"2,712.319 円","1,123 回","271,500 円",100 株,"9,613億円",211.5,318.3,1.50
8031,三井物産,東証１,15:00,14.7倍,0.69倍,5.10％,"1,588.5","1,595.0","1,563.5","1,569.0","2,706,300 株","4,258 百万円","1,573.296 円","4,097 回","156,900 円",100 株,"2兆6,935億円","1,167.7","1,761.6",1.51
8053,住友商事,東証１,15:00,－倍,0.61倍,5.66％,"1,257.5","1,257.5","1,227.5","1,237.0","1,956,700 株","2,423 百万円","1,238.198 円","3,290 回","123,700 円",100 株,"1兆5,475億円",673.6,"2,206.5",3.28
8058,三菱商事,東証１,15:00,－倍,0.64倍,5.94％,"2,280.0","2,283.5","2,243.0","2,256.0","2,600,500 株","5,873 百万円","2,258.428 円","4,633 回","225,600 円",100 株,"3兆3,518億円",757.5,"3,795.7",5.01
1721,コムシスＨＤ,東証１,15:00,15.7倍,1.31倍,2.53％,"3,140","3,175","3,140","3,165","230,400 株",727 百万円,"3,155.245 円",657 回,"316,500 円",100 株,"4,463億円",85.3,78.2,0.92
1801,大成建設,東証１,15:00,14.4倍,1.08倍,3.39％,"3,870","3,890","3,795","3,835","548,600 株","2,103 百万円","3,834.019 円","1,057 回","383,500 円",100 株,"8,611億円",252.5,304.5,1.21
1802,大林組,東証１,15:00,－倍,0.87倍,－％,"1,001","1,004",981,987,"1,200,900 株","1,188 百万円",989.098 円,"1,410 回","98,700 円",100 株,"7,121億円",379.9,778.3,2.05
1803,清水建設,東証１,15:00,－倍,0.90倍,－％,870,873,854,860,"1,118,800 株",964 百万円,861.211 円,"1,153 回","86,000 円",100 株,"6,781億円",992.5,"1,239.0",1.25
1808,長谷工コーポレーション,東証１,15:00,7.9倍,1.00倍,5.22％,"1,361","1,364","1,331","1,340","649,300 株",871 百万円,"1,341.919 円","1,606 回","134,000 円",100 株,"4,031億円",695.4,197.1,0.28
1812,鹿島,東証１,15:00,8.0倍,0.81倍,3.99％,"1,258","1,264","1,239","1,253","1,022,400 株","1,277 百万円","1,248.693 円","1,592 回","125,300 円",100 株,"6,624億円",453.8,706.4,1.56
1925,大和ハウス工業,東証１,15:00,15.9倍,0.96倍,3.56％,"2,568.0","2,570.0","2,511.0","2,530.5","1,783,800 株","4,519 百万円","2,533.486 円","5,110 回","253,050 円",100 株,"1兆6,859億円",479.0,914.5,1.91
1928,積水ハウス,東証１,15:00,10.2倍,1.13倍,4.20％,"2,073.0","2,075.0","2,039.5","2,049.5","1,251,000 株","2,566 百万円","2,051.336 円","3,095 回","204,950 円",100 株,"1兆4,033億円",448.7,275.8,0.61
1963,日揮ホールディングス,東証１,15:00,35.0倍,0.72倍,1.08％,"1,134","1,137","1,093","1,108","1,006,100 株","1,118 百万円","1,111.617 円","1,723 回","110,800 円",100 株,"2,871億円",284.3,949.4,3.34
5631,日本製鋼所,東証１,15:00,－倍,0.85倍,－％,"1,514","1,525","1,495","1,512","219,200 株",331 百万円,"1,508.131 円",909 回,"151,200 円",100 株,"1,124億円",209.5,188.8,0.90
6103,オークマ,東証１,15:00,－倍,0.86倍,－％,"4,515","4,565","4,430","4,490","179,500 株",805 百万円,"4,486.025 円",753 回,"449,000 円",100 株,"1,516億円",98.3,116.4,1.18
6113,アマダ,東証１,15:00,99.7倍,0.69倍,3.49％,864,867,852,860,"1,005,800 株",864 百万円,859.144 円,"1,279 回","86,000 円",100 株,"3,088億円",521.2,508.8,0.98
6301,コマツ,東証１,15:00,－倍,1.16倍,－％,"2,199.5","2,203.0","2,158.5","2,184.5","1,504,500 株","3,278 百万円","2,178.693 円","2,966 回","218,450 円",100 株,"2兆1,246億円","1,164.0","1,272.8",1.09
6302,住友重機械工業,東証１,15:00,－倍,0.60倍,－％,"2,321","2,326","2,231","2,261","451,800 株","1,023 百万円","2,263.206 円","1,860 回","226,100 円",100 株,"2,779億円",154.3,157.3,1.02
6305,日立建機,東証１,15:00,31.5倍,1.33倍,－％,"2,962","2,973","2,932","2,959","502,800 株","1,485 百万円","2,953.038 円","1,545 回","295,900 円",100 株,"6,365億円",455.6,581.8,1.28
6326,クボタ,東証１,15:00,－倍,1.34倍,－％,"1,579.0","1,586.5","1,522.5","1,539.0","4,344,000 株","6,708 百万円","1,544.171 円","7,415 回","153,900 円",100 株,"1兆8,785億円","1,792.9",446.7,0.25
6361,荏原,東証１,15:00,－倍,0.86倍,2.40％,"2,517","2,536","2,469","2,501","212,900 株",531 百万円,"2,492.719 円",976 回,"250,100 円",100 株,"2,385億円",78.0,124.7,1.60
6367,ダイキン工業,東証１,15:00,51.8倍,3.61倍,－％,"17,690","17,715","17,535","17,710","564,500 株","9,960 百万円","17,644.197 円","1,988 回","1,771,000 円",100 株,"5兆1,910億円",229.6,124.4,0.54
6471,日本精工,東証１,15:00,－倍,0.80倍,－％,791,798,780,788,"1,598,700 株","1,258 百万円",786.762 円,"1,783 回","78,800 円",100 株,"4,344億円",446.2,948.1,2.12
6472,ＮＴＮ,東証１,15:00,－倍,0.71倍,－％,212,214,206,209,"3,420,300 株",714 百万円,208.829 円,"1,388 回","20,900 円",100 株,"1,113億円","2,350.4","4,669.4",1.99
6473,ジェイテクト,東証１,15:00,－倍,0.58倍,－％,842,842,813,822,"799,900 株",659 百万円,823.692 円,"1,248 回","82,200 円",100 株,"2,822億円",249.1,654.5,2.63
7004,日立造船,東証１,15:00,16.0倍,0.54倍,3.17％,382,387,375,379,"458,400 株",174 百万円,380.112 円,589 回,"37,900 円",100 株,645億円,"1,574.3",881.4,0.56
7011,三菱重工業,東証１,15:00,－倍,0.69倍,2.99％,"2,560.0","2,560.0","2,487.0","2,512.5","1,165,500 株","2,931 百万円","2,514.795 円","3,656 回","251,250 円",100 株,"8,476億円",736.6,"1,613.3",2.19
7013,ＩＨＩ,東証１,15:00,－倍,0.69倍,－％,"1,555","1,581","1,510","1,522","1,926,300 株","2,953 百万円","1,532.817 円","3,709 回","152,200 円",100 株,"2,354億円",363.4,"2,442.2",6.72
7003,三井Ｅ＆Ｓ,東証１,15:00,－倍,0.51倍,－％,411,417,399,406,"659,900 株",267 百万円,405.346 円,"1,200 回","40,600 円",100 株,337億円,369.1,"1,385.5",3.75
7012,川崎重工業,東証１,15:00,－倍,0.56倍,－％,"1,548","1,566","1,505","1,527","1,140,900 株","1,742 百万円","1,527.096 円","2,673 回","152,700 円",100 株,"2,551億円",477.4,"1,039.7",2.18
7832,バンナムＨＤ,東証１,15:00,－倍,2.80倍,0.73％,"5,760","5,773","5,695","5,734","703,900 株","4,035 百万円","5,732.884 円","2,826 回","573,400 円",100 株,"1兆2,729億円",172.4,126.1,0.73
7911,凸版印刷,東証１,15:00,－倍,0.50倍,－％,"1,729","1,739","1,680","1,697","681,300 株","1,157 百万円","1,698.594 円","1,944 回","169,700 円",100 株,"5,935億円",110.5,199.5,1.81
7912,大日本印刷,東証１,15:00,－倍,0.74倍,－％,"2,433","2,456","2,380","2,401","402,700 株",969 百万円,"2,405.978 円","1,429 回","240,100 円",100 株,"7,785億円",54.1,211.6,3.91
7951,ヤマハ,東証１,15:00,－倍,2.71倍,－％,"5,020","5,080","4,940","5,020","394,600 株","1,972 百万円","4,997.428 円","1,151 回","502,000 円",100 株,"9,616億円",92.2,49.2,0.53
3289,東急不ＨＤ,東証１,15:00,13.1倍,0.58倍,3.38％,485,491,465,473,"5,281,200 株","2,497 百万円",472.859 円,"2,803 回","47,300 円",100 株,"3,405億円",789.1,"1,639.3",2.08
8801,三井不動産,東証１,15:00,15.1倍,0.75倍,2.35％,"1,892.0","1,904.5","1,849.5","1,874.0","2,287,200 株","4,273 百万円","1,868.358 円","4,661 回","187,400 円",100 株,"1兆8,351億円",266.2,"1,666.9",6.26
8802,三菱地所,東証１,15:00,19.2倍,1.22倍,1.59％,"1,584.5","1,592.5","1,555.0","1,576.5","2,967,100 株","4,665 百万円","1,572.301 円","4,346 回","157,650 円",100 株,"2兆1,934億円",941.4,"1,153.4",1.23
8804,東京建物,東証１,15:00,8.1倍,0.70倍,3.77％,"1,224","1,229","1,184","1,194","655,200 株",785 百万円,"1,197.373 円","1,593 回","119,400 円",100 株,"2,497億円",338.1,199.3,0.59
8830,住友不動産,東証１,15:00,10.4倍,1.05倍,1.33％,"2,922.0","2,926.5","2,830.5","2,864.5","654,000 株","1,874 百万円","2,865.111 円","2,455 回","286,450 円",100 株,"1兆3,637億円",335.3,412.9,1.23
9001,東武鉄道,東証１,15:00,－倍,1.58倍,－％,"3,570","3,575","3,495","3,530","277,300 株",979 百万円,"3,528.851 円",734 回,"353,000 円",100 株,"7,406億円",378.6,17.8,0.05
9005,東急,東証１,15:00,－倍,1.19倍,1.54％,"1,513","1,523","1,478","1,492","1,275,300 株","1,903 百万円","1,492.254 円","2,216 回","149,200 円",100 株,"9,323億円",121.7,817.1,6.71
9007,小田急電鉄,東証１,15:00,－倍,2.45倍,－％,"2,648","2,648","2,598","2,614","513,400 株","1,344 百万円","2,617.195 円","1,474 回","261,400 円",100 株,"9,633億円",717.8,32.8,0.05
9008,京王電鉄,東証１,15:00,－倍,1.98倍,－％,"6,140","6,150","6,030","6,060","135,700 株",825 百万円,"6,077.038 円",368 回,"606,000 円",100 株,"7,790億円",137.4,11.4,0.08
9009,京成電鉄,東証１,15:00,－倍,1.34倍,－％,"3,310","3,310","3,235","3,265","342,800 株","1,120 百万円","3,267.332 円","1,159 回","326,500 円",100 株,"5,629億円",176.8,45.1,0.26
9020,ＪＲ東日本,東証１,15:00,－倍,0.89倍,－％,"7,457","7,477","7,324","7,386","844,700 株","6,235 百万円","7,381.176 円","3,217 回","738,600 円",100 株,"2兆7,914億円",275.9,807.4,2.93
9021,ＪＲ西日本,東証１,15:00,－倍,1.01倍,－％,"6,050","6,060","5,891","5,917","592,900 株","3,520 百万円","5,937.659 円","2,713 回","591,700 円",100 株,"1兆1,321億円",143.6,690.7,4.81
9022,ＪＲ東海,東証１,15:00,－倍,0.84倍,－％,"16,555","16,575","16,195","16,320","234,700 株","3,835 百万円","16,338.96 円","1,154 回","1,632,000 円",100 株,"3兆3,619億円",244.2,332.9,1.36
9062,日本通運,東証１,15:00,－倍,0.94倍,－％,"5,470","5,490","5,390","5,450","164,100 株",892 百万円,"5,435.046 円",503 回,"545,000 円",100 株,"5,232億円",70.3,40.7,0.58
9064,ヤマトホールディングス,東証１,15:00,－倍,1.73倍,－％,"2,472","2,546","2,464","2,536","3,739,500 株","9,406 百万円","2,515.426 円","6,834 回","253,600 円",100 株,1兆432億円,"1,346.8",750.6,0.56
9101,日本郵船,東証１,15:00,－倍,0.54倍,1.34％,"1,490","1,504","1,473","1,492","820,300 株","1,218 百万円","1,485.416 円","1,892 回","149,200 円",100 株,"2,537億円","1,305.9",898.6,0.69
9104,商船三井,東証１,15:00,－倍,0.44倍,－％,"1,902","1,925","1,875","1,895","823,000 株","1,558 百万円","1,892.871 円","2,152 回","189,500 円",100 株,"2,286億円",751.7,"1,360.6",1.81
9107,川崎汽船,東証１,15:00,－倍,0.97倍,－％,"1,043","1,064","1,034","1,046","911,000 株",952 百万円,"1,044.841 円","1,478 回","104,600 円",100 株,983億円,"1,433.9","2,614.9",1.82
9202,ＡＮＡホールディングス,東証１,15:00,－倍,0.77倍,－％,"2,464.0","2,477.0","2,409.5","2,448.0","2,737,600 株","6,674 百万円","2,438.055 円","8,314 回","244,800 円",100 株,"8,531億円","3,246.4","3,044.6",0.94
9301,三菱倉庫,東証１,15:00,18.9倍,0.84倍,2.17％,"2,780","2,780","2,757","2,767","139,700 株",386 百万円,"2,764.956 円",601 回,"276,700 円",100 株,"2,434億円",90.7,43.7,0.48
9501,東電ＨＤ,東証１,15:00,－倍,0.17倍,－％,326,329,315,316,"7,982,100 株","2,552 百万円",319.701 円,"2,898 回","31,600 円",100 株,"5,078億円",835.0,"24,448.0",29.28
9502,中部電力,東証１,15:00,－倍,0.53倍,3.75％,"1,343.0","1,348.5","1,323.5","1,332.0","1,159,900 株","1,544 百万円","1,331.538 円","2,335 回","133,200 円",100 株,1兆97億円,267.0,"1,019.2",3.82
9503,関西電力,東証１,15:00,－倍,0.59倍,－％,"1,069.5","1,069.5","1,048.5","1,055.5","2,133,200 株","2,255 百万円","1,057 円","2,621 回","105,550 円",100 株,"9,908億円",330.3,"1,757.7",5.32
9531,東京ガス,東証１,15:00,－倍,0.99倍,2.32％,"2,543.0","2,591.5","2,533.0","2,589.0","1,013,500 株","2,608 百万円","2,572.996 円","2,864 回","258,900 円",100 株,"1兆1,455億円",102.2,104.5,1.02
9532,大阪ガス,東証１,15:00,12.2倍,0.89倍,2.34％,"2,093","2,140","2,086","2,138","766,700 株","1,629 百万円","2,124.966 円","1,625 回","213,800 円",100 株,"8,909億円",273.7,30.7,0.11
